ARCH: wormhole_b0, CHIP_FREQ[MHz]: 1000, Max Compute Cores: 64
PCIe slot, core_x, core_y, RISC processor type, timer_id, time[cycles since reset], data, run host ID, trace id, trace id counter, zone name, type, source line, source file, meta data
0,1,1,BRISC,55711,15551470923571,0,0,,,BRISC-FW,ZONE_START,433,/home/user/src/tt-metal/tt_metal/hw/firmware/src/tt-1xx/brisc.cc,
0,1,1,BRISC,27508,15551470924084,0,0,,,BRISC-KERNEL,ZONE_START,77,/home/user/src/tt-metal/tt_metal/hw/firmware/src/tt-1xx/brisck.cc,
0,1,1,BRISC,27508,15551579601240,0,0,,,BRISC-KERNEL,ZONE_END,77,/home/user/src/tt-metal/tt_metal/hw/firmware/src/tt-1xx/brisck.cc,
0,1,1,BRISC,55711,15551579601413,0,0,,,BRISC-FW,ZONE_END,433,/home/user/src/tt-metal/tt_metal/hw/firmware/src/tt-1xx/brisc.cc,
0,1,2,BRISC,55711,15551470923581,0,0,,,BRISC-FW,ZONE_START,433,/home/user/src/tt-metal/tt_metal/hw/firmware/src/tt-1xx/brisc.cc,
0,1,2,BRISC,27508,15551470924096,0,0,,,BRISC-KERNEL,ZONE_START,77,/home/user/src/tt-metal/tt_metal/hw/firmware/src/tt-1xx/brisck.cc,
0,1,2,BRISC,27508,15551580104367,0,0,,,BRISC-KERNEL,ZONE_END,77,/home/user/src/tt-metal/tt_metal/hw/firmware/src/tt-1xx/brisck.cc,
0,1,2,BRISC,55711,15551580104540,0,0,,,BRISC-FW,ZONE_END,433,/home/user/src/tt-metal/tt_metal/hw/firmware/src/tt-1xx/brisc.cc,
0,1,3,BRISC,55711,15551470923592,0,0,,,BRISC-FW,ZONE_START,433,/home/user/src/tt-metal/tt_metal/hw/firmware/src/tt-1xx/brisc.cc,
0,1,3,BRISC,27508,15551470924106,0,0,,,BRISC-KERNEL,ZONE_START,77,/home/user/src/tt-metal/tt_metal/hw/firmware/src/tt-1xx/brisck.cc,
0,1,3,BRISC,27508,15551580446151,0,0,,,BRISC-KERNEL,ZONE_END,77,/home/user/src/tt-metal/tt_metal/hw/firmware/src/tt-1xx/brisck.cc,
0,1,3,BRISC,55711,15551580446323,0,0,,,BRISC-FW,ZONE_END,433,/home/user/src/tt-metal/tt_metal/hw/firmware/src/tt-1xx/brisc.cc,
0,1,5,BRISC,55711,15551470923602,0,0,,,BRISC-FW,ZONE_START,433,/home/user/src/tt-metal/tt_metal/hw/firmware/src/tt-1xx/brisc.cc,
0,1,5,BRISC,27508,15551470924124,0,0,,,BRISC-KERNEL,ZONE_START,77,/home/user/src/tt-metal/tt_metal/hw/firmware/src/tt-1xx/brisck.cc,
0,1,5,BRISC,27508,15551580148321,0,0,,,BRISC-KERNEL,ZONE_END,77,/home/user/src/tt-metal/tt_metal/hw/firmware/src/tt-1xx/brisck.cc,
0,1,5,BRISC,55711,15551580148497,0,0,,,BRISC-FW,ZONE_END,433,/home/user/src/tt-metal/tt_metal/hw/firmware/src/tt-1xx/brisc.cc,
0,1,7,BRISC,55711,15551470923652,0,0,,,BRISC-FW,ZONE_START,433,/home/user/src/tt-metal/tt_metal/hw/firmware/src/tt-1xx/brisc.cc,
0,1,7,BRISC,27508,15551470924169,0,0,,,BRISC-KERNEL,ZONE_START,77,/home/user/src/tt-metal/tt_metal/hw/firmware/src/tt-1xx/brisck.cc,
0,1,7,BRISC,27508,15551580259225,0,0,,,BRISC-KERNEL,ZONE_END,77,/home/user/src/tt-metal/tt_metal/hw/firmware/src/tt-1xx/brisck.cc,
0,1,7,BRISC,55711,15551580259397,0,0,,,BRISC-FW,ZONE_END,433,/home/user/src/tt-metal/tt_metal/hw/firmware/src/tt-1xx/brisc.cc,
0,1,8,BRISC,55711,15551470923673,0,0,,,BRISC-FW,ZONE_START,433,/home/user/src/tt-metal/tt_metal/hw/firmware/src/tt-1xx/brisc.cc,
0,1,8,BRISC,27508,15551470924186,0,0,,,BRISC-KERNEL,ZONE_START,77,/home/user/src/tt-metal/tt_metal/hw/firmware/src/tt-1xx/brisck.cc,
0,1,8,BRISC,27508,15551579788830,0,0,,,BRISC-KERNEL,ZONE_END,77,/home/user/src/tt-metal/tt_metal/hw/firmware/src/tt-1xx/brisck.cc,
0,1,8,BRISC,55711,15551579789004,0,0,,,BRISC-FW,ZONE_END,433,/home/user/src/tt-metal/tt_metal/hw/firmware/src/tt-1xx/brisc.cc,
0,1,9,BRISC,55711,15551470923638,0,0,,,BRISC-FW,ZONE_START,433,/home/user/src/tt-metal/tt_metal/hw/firmware/src/tt-1xx/brisc.cc,
0,1,9,BRISC,27508,15551470924155,0,0,,,BRISC-KERNEL,ZONE_START,77,/home/user/src/tt-metal/tt_metal/hw/firmware/src/tt-1xx/brisck.cc,
0,1,9,BRISC,27508,15551580159332,0,0,,,BRISC-KERNEL,ZONE_END,77,/home/user/src/tt-metal/tt_metal/hw/firmware/src/tt-1xx/brisck.cc,
0,1,9,BRISC,55711,15551580159506,0,0,,,BRISC-FW,ZONE_END,433,/home/user/src/tt-metal/tt_metal/hw/firmware/src/tt-1xx/brisc.cc,
0,2,1,BRISC,55711,15551470923500,0,0,,,BRISC-FW,ZONE_START,433,/home/user/src/tt-metal/tt_metal/hw/firmware/src/tt-1xx/brisc.cc,
0,2,1,BRISC,27508,15551470924020,0,0,,,BRISC-KERNEL,ZONE_START,77,/home/user/src/tt-metal/tt_metal/hw/firmware/src/tt-1xx/brisck.cc,
0,2,1,BRISC,27508,15551579597530,0,0,,,BRISC-KERNEL,ZONE_END,77,/home/user/src/tt-metal/tt_metal/hw/firmware/src/tt-1xx/brisck.cc,
0,2,1,BRISC,55711,15551579597705,0,0,,,BRISC-FW,ZONE_END,433,/home/user/src/tt-metal/tt_metal/hw/firmware/src/tt-1xx/brisc.cc,
0,2,2,BRISC,55711,15551470923485,0,0,,,BRISC-FW,ZONE_START,433,/home/user/src/tt-metal/tt_metal/hw/firmware/src/tt-1xx/brisc.cc,
0,2,2,BRISC,27508,15551470924000,0,0,,,BRISC-KERNEL,ZONE_START,77,/home/user/src/tt-metal/tt_metal/hw/firmware/src/tt-1xx/brisck.cc,
0,2,2,BRISC,27508,15551580105440,0,0,,,BRISC-KERNEL,ZONE_END,77,/home/user/src/tt-metal/tt_metal/hw/firmware/src/tt-1xx/brisck.cc,
0,2,2,BRISC,55711,15551580105611,0,0,,,BRISC-FW,ZONE_END,433,/home/user/src/tt-metal/tt_metal/hw/firmware/src/tt-1xx/brisc.cc,
0,2,3,BRISC,55711,15551470923522,0,0,,,BRISC-FW,ZONE_START,433,/home/user/src/tt-metal/tt_metal/hw/firmware/src/tt-1xx/brisc.cc,
0,2,3,BRISC,27508,15551470924039,0,0,,,BRISC-KERNEL,ZONE_START,77,/home/user/src/tt-metal/tt_metal/hw/firmware/src/tt-1xx/brisck.cc,
0,2,3,BRISC,27508,15551580450606,0,0,,,BRISC-KERNEL,ZONE_END,77,/home/user/src/tt-metal/tt_metal/hw/firmware/src/tt-1xx/brisck.cc,
0,2,3,BRISC,55711,15551580450780,0,0,,,BRISC-FW,ZONE_END,433,/home/user/src/tt-metal/tt_metal/hw/firmware/src/tt-1xx/brisc.cc,
0,2,5,BRISC,55711,15551470923523,0,0,,,BRISC-FW,ZONE_START,433,/home/user/src/tt-metal/tt_metal/hw/firmware/src/tt-1xx/brisc.cc,
0,2,5,BRISC,27508,15551470924037,0,0,,,BRISC-KERNEL,ZONE_START,77,/home/user/src/tt-metal/tt_metal/hw/firmware/src/tt-1xx/brisck.cc,
0,2,5,BRISC,27508,15551580330997,0,0,,,BRISC-KERNEL,ZONE_END,77,/home/user/src/tt-metal/tt_metal/hw/firmware/src/tt-1xx/brisck.cc,
0,2,5,BRISC,55711,15551580331169,0,0,,,BRISC-FW,ZONE_END,433,/home/user/src/tt-metal/tt_metal/hw/firmware/src/tt-1xx/brisc.cc,
0,2,7,BRISC,55711,15551470923544,0,0,,,BRISC-FW,ZONE_START,433,/home/user/src/tt-metal/tt_metal/hw/firmware/src/tt-1xx/brisc.cc,
0,2,7,BRISC,27508,15551470924061,0,0,,,BRISC-KERNEL,ZONE_START,77,/home/user/src/tt-metal/tt_metal/hw/firmware/src/tt-1xx/brisck.cc,
0,2,7,BRISC,27508,15551580259593,0,0,,,BRISC-KERNEL,ZONE_END,77,/home/user/src/tt-metal/tt_metal/hw/firmware/src/tt-1xx/brisck.cc,
0,2,7,BRISC,55711,15551580259769,0,0,,,BRISC-FW,ZONE_END,433,/home/user/src/tt-metal/tt_metal/hw/firmware/src/tt-1xx/brisc.cc,
0,2,8,BRISC,55711,15551470923574,0,0,,,BRISC-FW,ZONE_START,433,/home/user/src/tt-metal/tt_metal/hw/firmware/src/tt-1xx/brisc.cc,
0,2,8,BRISC,27508,15551470924087,0,0,,,BRISC-KERNEL,ZONE_START,77,/home/user/src/tt-metal/tt_metal/hw/firmware/src/tt-1xx/brisck.cc,
0,2,8,BRISC,27508,15551579786941,0,0,,,BRISC-KERNEL,ZONE_END,77,/home/user/src/tt-metal/tt_metal/hw/firmware/src/tt-1xx/brisck.cc,
0,2,8,BRISC,55711,15551579787116,0,0,,,BRISC-FW,ZONE_END,433,/home/user/src/tt-metal/tt_metal/hw/firmware/src/tt-1xx/brisc.cc,
0,2,9,BRISC,55711,15551470923556,0,0,,,BRISC-FW,ZONE_START,433,/home/user/src/tt-metal/tt_metal/hw/firmware/src/tt-1xx/brisc.cc,
0,2,9,BRISC,27508,15551470924076,0,0,,,BRISC-KERNEL,ZONE_START,77,/home/user/src/tt-metal/tt_metal/hw/firmware/src/tt-1xx/brisck.cc,
0,2,9,BRISC,27508,15551580159038,0,0,,,BRISC-KERNEL,ZONE_END,77,/home/user/src/tt-metal/tt_metal/hw/firmware/src/tt-1xx/brisck.cc,
0,2,9,BRISC,55711,15551580159213,0,0,,,BRISC-FW,ZONE_END,433,/home/user/src/tt-metal/tt_metal/hw/firmware/src/tt-1xx/brisc.cc,
0,3,1,BRISC,55711,15551470923520,0,0,,,BRISC-FW,ZONE_START,433,/home/user/src/tt-metal/tt_metal/hw/firmware/src/tt-1xx/brisc.cc,
0,3,1,BRISC,27508,15551470924040,0,0,,,BRISC-KERNEL,ZONE_START,77,/home/user/src/tt-metal/tt_metal/hw/firmware/src/tt-1xx/brisck.cc,
0,3,1,BRISC,27508,15551568585186,0,0,,,BRISC-KERNEL,ZONE_END,77,/home/user/src/tt-metal/tt_metal/hw/firmware/src/tt-1xx/brisck.cc,
0,3,1,BRISC,55711,15551568585357,0,0,,,BRISC-FW,ZONE_END,433,/home/user/src/tt-metal/tt_metal/hw/firmware/src/tt-1xx/brisc.cc,
0,3,2,BRISC,55711,15551470923495,0,0,,,BRISC-FW,ZONE_START,433,/home/user/src/tt-metal/tt_metal/hw/firmware/src/tt-1xx/brisc.cc,
0,3,2,BRISC,27508,15551470924011,0,0,,,BRISC-KERNEL,ZONE_START,77,/home/user/src/tt-metal/tt_metal/hw/firmware/src/tt-1xx/brisck.cc,
0,3,2,BRISC,27508,15551566942409,0,0,,,BRISC-KERNEL,ZONE_END,77,/home/user/src/tt-metal/tt_metal/hw/firmware/src/tt-1xx/brisck.cc,
0,3,2,BRISC,55711,15551566942584,0,0,,,BRISC-FW,ZONE_END,433,/home/user/src/tt-metal/tt_metal/hw/firmware/src/tt-1xx/brisc.cc,
0,3,3,BRISC,55711,15551470923541,0,0,,,BRISC-FW,ZONE_START,433,/home/user/src/tt-metal/tt_metal/hw/firmware/src/tt-1xx/brisc.cc,
0,3,3,BRISC,27508,15551470924058,0,0,,,BRISC-KERNEL,ZONE_START,77,/home/user/src/tt-metal/tt_metal/hw/firmware/src/tt-1xx/brisck.cc,
0,3,3,BRISC,27508,15551570425636,0,0,,,BRISC-KERNEL,ZONE_END,77,/home/user/src/tt-metal/tt_metal/hw/firmware/src/tt-1xx/brisck.cc,
0,3,3,BRISC,55711,15551570425807,0,0,,,BRISC-FW,ZONE_END,433,/home/user/src/tt-metal/tt_metal/hw/firmware/src/tt-1xx/brisc.cc,
0,3,5,BRISC,55711,15551470923551,0,0,,,BRISC-FW,ZONE_START,433,/home/user/src/tt-metal/tt_metal/hw/firmware/src/tt-1xx/brisc.cc,
0,3,5,BRISC,27508,15551470924066,0,0,,,BRISC-KERNEL,ZONE_START,77,/home/user/src/tt-metal/tt_metal/hw/firmware/src/tt-1xx/brisck.cc,
0,3,5,BRISC,27508,15551567147378,0,0,,,BRISC-KERNEL,ZONE_END,77,/home/user/src/tt-metal/tt_metal/hw/firmware/src/tt-1xx/brisck.cc,
0,3,5,BRISC,55711,15551567147550,0,0,,,BRISC-FW,ZONE_END,433,/home/user/src/tt-metal/tt_metal/hw/firmware/src/tt-1xx/brisc.cc,
0,3,7,BRISC,55711,15551470923549,0,0,,,BRISC-FW,ZONE_START,433,/home/user/src/tt-metal/tt_metal/hw/firmware/src/tt-1xx/brisc.cc,
0,3,7,BRISC,27508,15551470924066,0,0,,,BRISC-KERNEL,ZONE_START,77,/home/user/src/tt-metal/tt_metal/hw/firmware/src/tt-1xx/brisck.cc,
0,3,7,BRISC,27508,15551567156304,0,0,,,BRISC-KERNEL,ZONE_END,77,/home/user/src/tt-metal/tt_metal/hw/firmware/src/tt-1xx/brisck.cc,
0,3,7,BRISC,55711,15551567156478,0,0,,,BRISC-FW,ZONE_END,433,/home/user/src/tt-metal/tt_metal/hw/firmware/src/tt-1xx/brisc.cc,
0,3,8,BRISC,55711,15551470923553,0,0,,,BRISC-FW,ZONE_START,433,/home/user/src/tt-metal/tt_metal/hw/firmware/src/tt-1xx/brisc.cc,
0,3,8,BRISC,27508,15551470924073,0,0,,,BRISC-KERNEL,ZONE_START,77,/home/user/src/tt-metal/tt_metal/hw/firmware/src/tt-1xx/brisck.cc,
0,3,8,BRISC,27508,15551573213759,0,0,,,BRISC-KERNEL,ZONE_END,77,/home/user/src/tt-metal/tt_metal/hw/firmware/src/tt-1xx/brisck.cc,
0,3,8,BRISC,55711,15551573213933,0,0,,,BRISC-FW,ZONE_END,433,/home/user/src/tt-metal/tt_metal/hw/firmware/src/tt-1xx/brisc.cc,
0,3,9,BRISC,55711,15551470923593,0,0,,,BRISC-FW,ZONE_START,433,/home/user/src/tt-metal/tt_metal/hw/firmware/src/tt-1xx/brisc.cc,
0,3,9,BRISC,27508,15551470924108,0,0,,,BRISC-KERNEL,ZONE_START,77,/home/user/src/tt-metal/tt_metal/hw/firmware/src/tt-1xx/brisck.cc,
0,3,9,BRISC,27508,15551566986683,0,0,,,BRISC-KERNEL,ZONE_END,77,/home/user/src/tt-metal/tt_metal/hw/firmware/src/tt-1xx/brisck.cc,
0,3,9,BRISC,55711,15551566986857,0,0,,,BRISC-FW,ZONE_END,433,/home/user/src/tt-metal/tt_metal/hw/firmware/src/tt-1xx/brisc.cc,
0,4,1,BRISC,55711,15551470923489,0,0,,,BRISC-FW,ZONE_START,433,/home/user/src/tt-metal/tt_metal/hw/firmware/src/tt-1xx/brisc.cc,
0,4,1,BRISC,27508,15551470924012,0,0,,,BRISC-KERNEL,ZONE_START,77,/home/user/src/tt-metal/tt_metal/hw/firmware/src/tt-1xx/brisck.cc,
0,4,1,BRISC,27508,15551553275056,0,0,,,BRISC-KERNEL,ZONE_END,77,/home/user/src/tt-metal/tt_metal/hw/firmware/src/tt-1xx/brisck.cc,
0,4,1,BRISC,55711,15551553275229,0,0,,,BRISC-FW,ZONE_END,433,/home/user/src/tt-metal/tt_metal/hw/firmware/src/tt-1xx/brisc.cc,
0,4,2,BRISC,55711,15551470923507,0,0,,,BRISC-FW,ZONE_START,433,/home/user/src/tt-metal/tt_metal/hw/firmware/src/tt-1xx/brisc.cc,
0,4,2,BRISC,27508,15551470924021,0,0,,,BRISC-KERNEL,ZONE_START,77,/home/user/src/tt-metal/tt_metal/hw/firmware/src/tt-1xx/brisck.cc,
0,4,2,BRISC,27508,15551553734741,0,0,,,BRISC-KERNEL,ZONE_END,77,/home/user/src/tt-metal/tt_metal/hw/firmware/src/tt-1xx/brisck.cc,
0,4,2,BRISC,55711,15551553734915,0,0,,,BRISC-FW,ZONE_END,433,/home/user/src/tt-metal/tt_metal/hw/firmware/src/tt-1xx/brisc.cc,
0,4,3,BRISC,55711,15551470923523,0,0,,,BRISC-FW,ZONE_START,433,/home/user/src/tt-metal/tt_metal/hw/firmware/src/tt-1xx/brisc.cc,
0,4,3,BRISC,27508,15551470924038,0,0,,,BRISC-KERNEL,ZONE_START,77,/home/user/src/tt-metal/tt_metal/hw/firmware/src/tt-1xx/brisck.cc,
0,4,3,BRISC,27508,15551555092534,0,0,,,BRISC-KERNEL,ZONE_END,77,/home/user/src/tt-metal/tt_metal/hw/firmware/src/tt-1xx/brisck.cc,
0,4,3,BRISC,55711,15551555092706,0,0,,,BRISC-FW,ZONE_END,433,/home/user/src/tt-metal/tt_metal/hw/firmware/src/tt-1xx/brisc.cc,
0,4,5,BRISC,55711,15551470923555,0,0,,,BRISC-FW,ZONE_START,433,/home/user/src/tt-metal/tt_metal/hw/firmware/src/tt-1xx/brisc.cc,
0,4,5,BRISC,27508,15551470924072,0,0,,,BRISC-KERNEL,ZONE_START,77,/home/user/src/tt-metal/tt_metal/hw/firmware/src/tt-1xx/brisck.cc,
0,4,5,BRISC,27508,15551553855501,0,0,,,BRISC-KERNEL,ZONE_END,77,/home/user/src/tt-metal/tt_metal/hw/firmware/src/tt-1xx/brisck.cc,
0,4,5,BRISC,55711,15551553855677,0,0,,,BRISC-FW,ZONE_END,433,/home/user/src/tt-metal/tt_metal/hw/firmware/src/tt-1xx/brisc.cc,
0,4,7,BRISC,55711,15551470923585,0,0,,,BRISC-FW,ZONE_START,433,/home/user/src/tt-metal/tt_metal/hw/firmware/src/tt-1xx/brisc.cc,
0,4,7,BRISC,27508,15551470924105,0,0,,,BRISC-KERNEL,ZONE_START,77,/home/user/src/tt-metal/tt_metal/hw/firmware/src/tt-1xx/brisck.cc,
0,4,7,BRISC,27508,15551557394262,0,0,,,BRISC-KERNEL,ZONE_END,77,/home/user/src/tt-metal/tt_metal/hw/firmware/src/tt-1xx/brisck.cc,
0,4,7,BRISC,55711,15551557394435,0,0,,,BRISC-FW,ZONE_END,433,/home/user/src/tt-metal/tt_metal/hw/firmware/src/tt-1xx/brisc.cc,
0,4,8,BRISC,55711,15551470923552,0,0,,,BRISC-FW,ZONE_START,433,/home/user/src/tt-metal/tt_metal/hw/firmware/src/tt-1xx/brisc.cc,
0,4,8,BRISC,27508,15551470924069,0,0,,,BRISC-KERNEL,ZONE_START,77,/home/user/src/tt-metal/tt_metal/hw/firmware/src/tt-1xx/brisck.cc,
0,4,8,BRISC,27508,15551559949491,0,0,,,BRISC-KERNEL,ZONE_END,77,/home/user/src/tt-metal/tt_metal/hw/firmware/src/tt-1xx/brisck.cc,
0,4,8,BRISC,55711,15551559949663,0,0,,,BRISC-FW,ZONE_END,433,/home/user/src/tt-metal/tt_metal/hw/firmware/src/tt-1xx/brisc.cc,
0,4,9,BRISC,55711,15551470923562,0,0,,,BRISC-FW,ZONE_START,433,/home/user/src/tt-metal/tt_metal/hw/firmware/src/tt-1xx/brisc.cc,
0,4,9,BRISC,27508,15551470924085,0,0,,,BRISC-KERNEL,ZONE_START,77,/home/user/src/tt-metal/tt_metal/hw/firmware/src/tt-1xx/brisck.cc,
0,4,9,BRISC,27508,15551553737123,0,0,,,BRISC-KERNEL,ZONE_END,77,/home/user/src/tt-metal/tt_metal/hw/firmware/src/tt-1xx/brisck.cc,
0,4,9,BRISC,55711,15551553737297,0,0,,,BRISC-FW,ZONE_END,433,/home/user/src/tt-metal/tt_metal/hw/firmware/src/tt-1xx/brisc.cc,
0,6,1,BRISC,55711,15551470923537,0,0,,,BRISC-FW,ZONE_START,433,/home/user/src/tt-metal/tt_metal/hw/firmware/src/tt-1xx/brisc.cc,
0,6,1,BRISC,27508,15551470924054,0,0,,,BRISC-KERNEL,ZONE_START,77,/home/user/src/tt-metal/tt_metal/hw/firmware/src/tt-1xx/brisck.cc,
0,6,1,BRISC,27508,15551539835336,0,0,,,BRISC-KERNEL,ZONE_END,77,/home/user/src/tt-metal/tt_metal/hw/firmware/src/tt-1xx/brisck.cc,
0,6,1,BRISC,55711,15551539835510,0,0,,,BRISC-FW,ZONE_END,433,/home/user/src/tt-metal/tt_metal/hw/firmware/src/tt-1xx/brisc.cc,
0,6,2,BRISC,55711,15551470923545,0,0,,,BRISC-FW,ZONE_START,433,/home/user/src/tt-metal/tt_metal/hw/firmware/src/tt-1xx/brisc.cc,
0,6,2,BRISC,27508,15551470924065,0,0,,,BRISC-KERNEL,ZONE_START,77,/home/user/src/tt-metal/tt_metal/hw/firmware/src/tt-1xx/brisck.cc,
0,6,2,BRISC,27508,15551541779411,0,0,,,BRISC-KERNEL,ZONE_END,77,/home/user/src/tt-metal/tt_metal/hw/firmware/src/tt-1xx/brisck.cc,
0,6,2,BRISC,55711,15551541779584,0,0,,,BRISC-FW,ZONE_END,433,/home/user/src/tt-metal/tt_metal/hw/firmware/src/tt-1xx/brisc.cc,
0,6,3,BRISC,55711,15551470923542,0,0,,,BRISC-FW,ZONE_START,433,/home/user/src/tt-metal/tt_metal/hw/firmware/src/tt-1xx/brisc.cc,
0,6,3,BRISC,27508,15551470924065,0,0,,,BRISC-KERNEL,ZONE_START,77,/home/user/src/tt-metal/tt_metal/hw/firmware/src/tt-1xx/brisck.cc,
0,6,3,BRISC,27508,15551540367735,0,0,,,BRISC-KERNEL,ZONE_END,77,/home/user/src/tt-metal/tt_metal/hw/firmware/src/tt-1xx/brisck.cc,
0,6,3,BRISC,55711,15551540367910,0,0,,,BRISC-FW,ZONE_END,433,/home/user/src/tt-metal/tt_metal/hw/firmware/src/tt-1xx/brisc.cc,
0,6,5,BRISC,55711,15551470923585,0,0,,,BRISC-FW,ZONE_START,433,/home/user/src/tt-metal/tt_metal/hw/firmware/src/tt-1xx/brisc.cc,
0,6,5,BRISC,27508,15551470924102,0,0,,,BRISC-KERNEL,ZONE_START,77,/home/user/src/tt-metal/tt_metal/hw/firmware/src/tt-1xx/brisck.cc,
0,6,5,BRISC,27508,15551543575837,0,0,,,BRISC-KERNEL,ZONE_END,77,/home/user/src/tt-metal/tt_metal/hw/firmware/src/tt-1xx/brisck.cc,
0,6,5,BRISC,55711,15551543576009,0,0,,,BRISC-FW,ZONE_END,433,/home/user/src/tt-metal/tt_metal/hw/firmware/src/tt-1xx/brisc.cc,
0,6,7,BRISC,55711,15551470923591,0,0,,,BRISC-FW,ZONE_START,433,/home/user/src/tt-metal/tt_metal/hw/firmware/src/tt-1xx/brisc.cc,
0,6,7,BRISC,27508,15551470924106,0,0,,,BRISC-KERNEL,ZONE_START,77,/home/user/src/tt-metal/tt_metal/hw/firmware/src/tt-1xx/brisck.cc,
0,6,7,BRISC,27508,15551540674945,0,0,,,BRISC-KERNEL,ZONE_END,77,/home/user/src/tt-metal/tt_metal/hw/firmware/src/tt-1xx/brisck.cc,
0,6,7,BRISC,55711,15551540675118,0,0,,,BRISC-FW,ZONE_END,433,/home/user/src/tt-metal/tt_metal/hw/firmware/src/tt-1xx/brisc.cc,
0,6,8,BRISC,55711,15551470923595,0,0,,,BRISC-FW,ZONE_START,433,/home/user/src/tt-metal/tt_metal/hw/firmware/src/tt-1xx/brisc.cc,
0,6,8,BRISC,27508,15551470924110,0,0,,,BRISC-KERNEL,ZONE_START,77,/home/user/src/tt-metal/tt_metal/hw/firmware/src/tt-1xx/brisck.cc,
0,6,8,BRISC,27508,15551540261902,0,0,,,BRISC-KERNEL,ZONE_END,77,/home/user/src/tt-metal/tt_metal/hw/firmware/src/tt-1xx/brisck.cc,
0,6,8,BRISC,55711,15551540262082,0,0,,,BRISC-FW,ZONE_END,433,/home/user/src/tt-metal/tt_metal/hw/firmware/src/tt-1xx/brisc.cc,
0,6,9,BRISC,55711,15551470923607,0,0,,,BRISC-FW,ZONE_START,433,/home/user/src/tt-metal/tt_metal/hw/firmware/src/tt-1xx/brisc.cc,
0,6,9,BRISC,27508,15551470924121,0,0,,,BRISC-KERNEL,ZONE_START,77,/home/user/src/tt-metal/tt_metal/hw/firmware/src/tt-1xx/brisck.cc,
0,6,9,BRISC,27508,15551541888085,0,0,,,BRISC-KERNEL,ZONE_END,77,/home/user/src/tt-metal/tt_metal/hw/firmware/src/tt-1xx/brisck.cc,
0,6,9,BRISC,55711,15551541888256,0,0,,,BRISC-FW,ZONE_END,433,/home/user/src/tt-metal/tt_metal/hw/firmware/src/tt-1xx/brisc.cc,
0,7,1,BRISC,55711,15551470923547,0,0,,,BRISC-FW,ZONE_START,433,/home/user/src/tt-metal/tt_metal/hw/firmware/src/tt-1xx/brisc.cc,
0,7,1,BRISC,27508,15551470924064,0,0,,,BRISC-KERNEL,ZONE_START,77,/home/user/src/tt-metal/tt_metal/hw/firmware/src/tt-1xx/brisck.cc,
0,7,1,BRISC,27508,15551533017040,0,0,,,BRISC-KERNEL,ZONE_END,77,/home/user/src/tt-metal/tt_metal/hw/firmware/src/tt-1xx/brisck.cc,
0,7,1,BRISC,55711,15551533017214,0,0,,,BRISC-FW,ZONE_END,433,/home/user/src/tt-metal/tt_metal/hw/firmware/src/tt-1xx/brisc.cc,
0,7,2,BRISC,55711,15551470923551,0,0,,,BRISC-FW,ZONE_START,433,/home/user/src/tt-metal/tt_metal/hw/firmware/src/tt-1xx/brisc.cc,
0,7,2,BRISC,27508,15551470924069,0,0,,,BRISC-KERNEL,ZONE_START,77,/home/user/src/tt-metal/tt_metal/hw/firmware/src/tt-1xx/brisck.cc,
0,7,2,BRISC,27508,15551528243924,0,0,,,BRISC-KERNEL,ZONE_END,77,/home/user/src/tt-metal/tt_metal/hw/firmware/src/tt-1xx/brisck.cc,
0,7,2,BRISC,55711,15551528244101,0,0,,,BRISC-FW,ZONE_END,433,/home/user/src/tt-metal/tt_metal/hw/firmware/src/tt-1xx/brisc.cc,
0,7,3,BRISC,55711,15551470923553,0,0,,,BRISC-FW,ZONE_START,433,/home/user/src/tt-metal/tt_metal/hw/firmware/src/tt-1xx/brisc.cc,
0,7,3,BRISC,27508,15551470924068,0,0,,,BRISC-KERNEL,ZONE_START,77,/home/user/src/tt-metal/tt_metal/hw/firmware/src/tt-1xx/brisck.cc,
0,7,3,BRISC,27508,15551529975948,0,0,,,BRISC-KERNEL,ZONE_END,77,/home/user/src/tt-metal/tt_metal/hw/firmware/src/tt-1xx/brisck.cc,
0,7,3,BRISC,55711,15551529976123,0,0,,,BRISC-FW,ZONE_END,433,/home/user/src/tt-metal/tt_metal/hw/firmware/src/tt-1xx/brisc.cc,
0,7,5,BRISC,55711,15551470923603,0,0,,,BRISC-FW,ZONE_START,433,/home/user/src/tt-metal/tt_metal/hw/firmware/src/tt-1xx/brisc.cc,
0,7,5,BRISC,27508,15551470924116,0,0,,,BRISC-KERNEL,ZONE_START,77,/home/user/src/tt-metal/tt_metal/hw/firmware/src/tt-1xx/brisck.cc,
0,7,5,BRISC,27508,15551528317507,0,0,,,BRISC-KERNEL,ZONE_END,77,/home/user/src/tt-metal/tt_metal/hw/firmware/src/tt-1xx/brisck.cc,
0,7,5,BRISC,55711,15551528317679,0,0,,,BRISC-FW,ZONE_END,433,/home/user/src/tt-metal/tt_metal/hw/firmware/src/tt-1xx/brisc.cc,
0,7,7,BRISC,55711,15551470923607,0,0,,,BRISC-FW,ZONE_START,433,/home/user/src/tt-metal/tt_metal/hw/firmware/src/tt-1xx/brisc.cc,
0,7,7,BRISC,27508,15551470924124,0,0,,,BRISC-KERNEL,ZONE_START,77,/home/user/src/tt-metal/tt_metal/hw/firmware/src/tt-1xx/brisck.cc,
0,7,7,BRISC,27508,15551528914736,0,0,,,BRISC-KERNEL,ZONE_END,77,/home/user/src/tt-metal/tt_metal/hw/firmware/src/tt-1xx/brisck.cc,
0,7,7,BRISC,55711,15551528914910,0,0,,,BRISC-FW,ZONE_END,433,/home/user/src/tt-metal/tt_metal/hw/firmware/src/tt-1xx/brisc.cc,
0,7,8,BRISC,55711,15551470923602,0,0,,,BRISC-FW,ZONE_START,433,/home/user/src/tt-metal/tt_metal/hw/firmware/src/tt-1xx/brisc.cc,
0,7,8,BRISC,27508,15551470924116,0,0,,,BRISC-KERNEL,ZONE_START,77,/home/user/src/tt-metal/tt_metal/hw/firmware/src/tt-1xx/brisck.cc,
0,7,8,BRISC,27508,15551528754752,0,0,,,BRISC-KERNEL,ZONE_END,77,/home/user/src/tt-metal/tt_metal/hw/firmware/src/tt-1xx/brisck.cc,
0,7,8,BRISC,55711,15551528754925,0,0,,,BRISC-FW,ZONE_END,433,/home/user/src/tt-metal/tt_metal/hw/firmware/src/tt-1xx/brisc.cc,
0,7,9,BRISC,55711,15551470923592,0,0,,,BRISC-FW,ZONE_START,433,/home/user/src/tt-metal/tt_metal/hw/firmware/src/tt-1xx/brisc.cc,
0,7,9,BRISC,27508,15551470924109,0,0,,,BRISC-KERNEL,ZONE_START,77,/home/user/src/tt-metal/tt_metal/hw/firmware/src/tt-1xx/brisck.cc,
0,7,9,BRISC,27508,15551528140965,0,0,,,BRISC-KERNEL,ZONE_END,77,/home/user/src/tt-metal/tt_metal/hw/firmware/src/tt-1xx/brisck.cc,
0,7,9,BRISC,55711,15551528141137,0,0,,,BRISC-FW,ZONE_END,433,/home/user/src/tt-metal/tt_metal/hw/firmware/src/tt-1xx/brisc.cc,
0,8,1,BRISC,55711,15551470923551,0,0,,,BRISC-FW,ZONE_START,433,/home/user/src/tt-metal/tt_metal/hw/firmware/src/tt-1xx/brisc.cc,
0,8,1,BRISC,27508,15551470924066,0,0,,,BRISC-KERNEL,ZONE_START,77,/home/user/src/tt-metal/tt_metal/hw/firmware/src/tt-1xx/brisck.cc,
0,8,1,BRISC,27508,15551517267609,0,0,,,BRISC-KERNEL,ZONE_END,77,/home/user/src/tt-metal/tt_metal/hw/firmware/src/tt-1xx/brisck.cc,
0,8,1,BRISC,55711,15551517267783,0,0,,,BRISC-FW,ZONE_END,433,/home/user/src/tt-metal/tt_metal/hw/firmware/src/tt-1xx/brisc.cc,
0,8,2,BRISC,55711,15551470923580,0,0,,,BRISC-FW,ZONE_START,433,/home/user/src/tt-metal/tt_metal/hw/firmware/src/tt-1xx/brisc.cc,
0,8,2,BRISC,27508,15551470924097,0,0,,,BRISC-KERNEL,ZONE_START,77,/home/user/src/tt-metal/tt_metal/hw/firmware/src/tt-1xx/brisck.cc,
0,8,2,BRISC,27508,15551517672311,0,0,,,BRISC-KERNEL,ZONE_END,77,/home/user/src/tt-metal/tt_metal/hw/firmware/src/tt-1xx/brisck.cc,
0,8,2,BRISC,55711,15551517672488,0,0,,,BRISC-FW,ZONE_END,433,/home/user/src/tt-metal/tt_metal/hw/firmware/src/tt-1xx/brisc.cc,
0,8,3,BRISC,55711,15551470923591,0,0,,,BRISC-FW,ZONE_START,433,/home/user/src/tt-metal/tt_metal/hw/firmware/src/tt-1xx/brisc.cc,
0,8,3,BRISC,27508,15551470924114,0,0,,,BRISC-KERNEL,ZONE_START,77,/home/user/src/tt-metal/tt_metal/hw/firmware/src/tt-1xx/brisck.cc,
0,8,3,BRISC,27508,15551529398600,0,0,,,BRISC-KERNEL,ZONE_END,77,/home/user/src/tt-metal/tt_metal/hw/firmware/src/tt-1xx/brisck.cc,
0,8,3,BRISC,55711,15551529398775,0,0,,,BRISC-FW,ZONE_END,433,/home/user/src/tt-metal/tt_metal/hw/firmware/src/tt-1xx/brisc.cc,
0,8,5,BRISC,55711,15551470923621,0,0,,,BRISC-FW,ZONE_START,433,/home/user/src/tt-metal/tt_metal/hw/firmware/src/tt-1xx/brisc.cc,
0,8,5,BRISC,27508,15551470924138,0,0,,,BRISC-KERNEL,ZONE_START,77,/home/user/src/tt-metal/tt_metal/hw/firmware/src/tt-1xx/brisck.cc,
0,8,5,BRISC,27508,15551517637166,0,0,,,BRISC-KERNEL,ZONE_END,77,/home/user/src/tt-metal/tt_metal/hw/firmware/src/tt-1xx/brisck.cc,
0,8,5,BRISC,55711,15551517637344,0,0,,,BRISC-FW,ZONE_END,433,/home/user/src/tt-metal/tt_metal/hw/firmware/src/tt-1xx/brisc.cc,
0,8,7,BRISC,55711,15551470923635,0,0,,,BRISC-FW,ZONE_START,433,/home/user/src/tt-metal/tt_metal/hw/firmware/src/tt-1xx/brisc.cc,
0,8,7,BRISC,27508,15551470924149,0,0,,,BRISC-KERNEL,ZONE_START,77,/home/user/src/tt-metal/tt_metal/hw/firmware/src/tt-1xx/brisck.cc,
0,8,7,BRISC,27508,15551515597419,0,0,,,BRISC-KERNEL,ZONE_END,77,/home/user/src/tt-metal/tt_metal/hw/firmware/src/tt-1xx/brisck.cc,
0,8,7,BRISC,55711,15551515597595,0,0,,,BRISC-FW,ZONE_END,433,/home/user/src/tt-metal/tt_metal/hw/firmware/src/tt-1xx/brisc.cc,
0,8,8,BRISC,55711,15551470923654,0,0,,,BRISC-FW,ZONE_START,433,/home/user/src/tt-metal/tt_metal/hw/firmware/src/tt-1xx/brisc.cc,
0,8,8,BRISC,27508,15551470924169,0,0,,,BRISC-KERNEL,ZONE_START,77,/home/user/src/tt-metal/tt_metal/hw/firmware/src/tt-1xx/brisck.cc,
0,8,8,BRISC,27508,15551514959048,0,0,,,BRISC-KERNEL,ZONE_END,77,/home/user/src/tt-metal/tt_metal/hw/firmware/src/tt-1xx/brisck.cc,
0,8,8,BRISC,55711,15551514959222,0,0,,,BRISC-FW,ZONE_END,433,/home/user/src/tt-metal/tt_metal/hw/firmware/src/tt-1xx/brisc.cc,
0,8,9,BRISC,55711,15551470923646,0,0,,,BRISC-FW,ZONE_START,433,/home/user/src/tt-metal/tt_metal/hw/firmware/src/tt-1xx/brisc.cc,
0,8,9,BRISC,27508,15551470924160,0,0,,,BRISC-KERNEL,ZONE_START,77,/home/user/src/tt-metal/tt_metal/hw/firmware/src/tt-1xx/brisck.cc,
0,8,9,BRISC,27508,15551517771812,0,0,,,BRISC-KERNEL,ZONE_END,77,/home/user/src/tt-metal/tt_metal/hw/firmware/src/tt-1xx/brisck.cc,
0,8,9,BRISC,55711,15551517771988,0,0,,,BRISC-FW,ZONE_END,433,/home/user/src/tt-metal/tt_metal/hw/firmware/src/tt-1xx/brisc.cc,
0,9,1,BRISC,55711,15551470923555,0,0,,,BRISC-FW,ZONE_START,433,/home/user/src/tt-metal/tt_metal/hw/firmware/src/tt-1xx/brisc.cc,
0,9,1,BRISC,27508,15551470924073,0,0,,,BRISC-KERNEL,ZONE_START,77,/home/user/src/tt-metal/tt_metal/hw/firmware/src/tt-1xx/brisck.cc,
0,9,1,BRISC,27508,15551579595937,0,0,,,BRISC-KERNEL,ZONE_END,77,/home/user/src/tt-metal/tt_metal/hw/firmware/src/tt-1xx/brisck.cc,
0,9,1,BRISC,55711,15551579596108,0,0,,,BRISC-FW,ZONE_END,433,/home/user/src/tt-metal/tt_metal/hw/firmware/src/tt-1xx/brisc.cc,
0,9,2,BRISC,55711,15551470923577,0,0,,,BRISC-FW,ZONE_START,433,/home/user/src/tt-metal/tt_metal/hw/firmware/src/tt-1xx/brisc.cc,
0,9,2,BRISC,27508,15551470924092,0,0,,,BRISC-KERNEL,ZONE_START,77,/home/user/src/tt-metal/tt_metal/hw/firmware/src/tt-1xx/brisck.cc,
0,9,2,BRISC,27508,15551580103427,0,0,,,BRISC-KERNEL,ZONE_END,77,/home/user/src/tt-metal/tt_metal/hw/firmware/src/tt-1xx/brisck.cc,
0,9,2,BRISC,55711,15551580103603,0,0,,,BRISC-FW,ZONE_END,433,/home/user/src/tt-metal/tt_metal/hw/firmware/src/tt-1xx/brisc.cc,
0,9,3,BRISC,55711,15551470923603,0,0,,,BRISC-FW,ZONE_START,433,/home/user/src/tt-metal/tt_metal/hw/firmware/src/tt-1xx/brisc.cc,
0,9,3,BRISC,27508,15551470924121,0,0,,,BRISC-KERNEL,ZONE_START,77,/home/user/src/tt-metal/tt_metal/hw/firmware/src/tt-1xx/brisck.cc,
0,9,3,BRISC,27508,15551580444096,0,0,,,BRISC-KERNEL,ZONE_END,77,/home/user/src/tt-metal/tt_metal/hw/firmware/src/tt-1xx/brisck.cc,
0,9,3,BRISC,55711,15551580444271,0,0,,,BRISC-FW,ZONE_END,433,/home/user/src/tt-metal/tt_metal/hw/firmware/src/tt-1xx/brisc.cc,
0,9,5,BRISC,55711,15551470923630,0,0,,,BRISC-FW,ZONE_START,433,/home/user/src/tt-metal/tt_metal/hw/firmware/src/tt-1xx/brisc.cc,
0,9,5,BRISC,27508,15551470924147,0,0,,,BRISC-KERNEL,ZONE_START,77,/home/user/src/tt-metal/tt_metal/hw/firmware/src/tt-1xx/brisck.cc,
0,9,5,BRISC,27508,15551580147881,0,0,,,BRISC-KERNEL,ZONE_END,77,/home/user/src/tt-metal/tt_metal/hw/firmware/src/tt-1xx/brisck.cc,
0,9,5,BRISC,55711,15551580148056,0,0,,,BRISC-FW,ZONE_END,433,/home/user/src/tt-metal/tt_metal/hw/firmware/src/tt-1xx/brisc.cc,
0,9,7,BRISC,55711,15551470923647,0,0,,,BRISC-FW,ZONE_START,433,/home/user/src/tt-metal/tt_metal/hw/firmware/src/tt-1xx/brisc.cc,
0,9,7,BRISC,27508,15551470924162,0,0,,,BRISC-KERNEL,ZONE_START,77,/home/user/src/tt-metal/tt_metal/hw/firmware/src/tt-1xx/brisck.cc,
0,9,7,BRISC,27508,15551580255039,0,0,,,BRISC-KERNEL,ZONE_END,77,/home/user/src/tt-metal/tt_metal/hw/firmware/src/tt-1xx/brisck.cc,
0,9,7,BRISC,55711,15551580255212,0,0,,,BRISC-FW,ZONE_END,433,/home/user/src/tt-metal/tt_metal/hw/firmware/src/tt-1xx/brisc.cc,
0,9,8,BRISC,55711,15551470923622,0,0,,,BRISC-FW,ZONE_START,433,/home/user/src/tt-metal/tt_metal/hw/firmware/src/tt-1xx/brisc.cc,
0,9,8,BRISC,27508,15551470924136,0,0,,,BRISC-KERNEL,ZONE_START,77,/home/user/src/tt-metal/tt_metal/hw/firmware/src/tt-1xx/brisck.cc,
0,9,8,BRISC,27508,15551579787584,0,0,,,BRISC-KERNEL,ZONE_END,77,/home/user/src/tt-metal/tt_metal/hw/firmware/src/tt-1xx/brisck.cc,
0,9,8,BRISC,55711,15551579787756,0,0,,,BRISC-FW,ZONE_END,433,/home/user/src/tt-metal/tt_metal/hw/firmware/src/tt-1xx/brisc.cc,
0,9,9,BRISC,55711,15551470923665,0,0,,,BRISC-FW,ZONE_START,433,/home/user/src/tt-metal/tt_metal/hw/firmware/src/tt-1xx/brisc.cc,
0,9,9,BRISC,27508,15551470924185,0,0,,,BRISC-KERNEL,ZONE_START,77,/home/user/src/tt-metal/tt_metal/hw/firmware/src/tt-1xx/brisck.cc,
0,9,9,BRISC,27508,15551580158507,0,0,,,BRISC-KERNEL,ZONE_END,77,/home/user/src/tt-metal/tt_metal/hw/firmware/src/tt-1xx/brisck.cc,
0,9,9,BRISC,55711,15551580158680,0,0,,,BRISC-FW,ZONE_END,433,/home/user/src/tt-metal/tt_metal/hw/firmware/src/tt-1xx/brisc.cc,
